timestamp,city,latitude,longitude,temperature_2m,relative_humidity_2m,precipitation,rain,surface_pressure,wind_speed_10m,wind_direction_10m,cloud_cover,soil_temperature_0cm,soil_moisture_0_to_1cm,rainfall_last_24h,rainfall_last_72h,rolling_rainfall_average,temp_change_24h,pressure_change_24h,wind_speed_change,avg_humidity_24h,soil_moisture_trend,weather_severity_score,rainfall_intensity_score
2026-05-13 00:00:00,Bengaluru,12.9716,77.5946,25.8,57,0.0,0.0,909.5,7.1,131,38,,,0.0,0.0,0.0,,,,57.0,,0.787,0.0
2026-05-13 01:00:00,Bengaluru,12.9716,77.5946,24.9,62,0.0,0.0,908.8,6.1,156,98,,,0.0,0.0,0.0,,,-1.0,59.5,,0.7444999999999999,0.0
2026-05-13 02:00:00,Bengaluru,12.9716,77.5946,24.2,66,0.0,0.0,908.4,4.5,175,98,,,0.0,0.0,0.0,,,-1.5999999999999996,61.666666666666664,,0.695,0.0
2026-05-13 03:00:00,Bengaluru,12.9716,77.5946,24.0,68,0.0,0.0,908.1,3.1,183,89,,,0.0,0.0,0.0,,,-1.4,63.25,,0.6619999999999999,0.0
2026-05-13 04:00:00,Bengaluru,12.9716,77.5946,23.7,69,0.0,0.0,908.1,2.8,230,54,,,0.0,0.0,0.0,,,-0.30000000000000027,64.4,,0.6485000000000001,0.0
2026-05-13 05:00:00,Bengaluru,12.9716,77.5946,23.2,76,0.0,0.0,908.2,4.6,211,99,,,0.0,0.0,0.0,,,1.7999999999999998,66.33333333333333,,0.6719999999999999,0.0
2026-05-13 06:00:00,Bengaluru,12.9716,77.5946,22.8,78,0.0,0.0,908.5,7.6,216,99,,,0.0,0.0,0.0,,,3.0,68.0,,0.7220000000000001,0.0
2026-05-13 07:00:00,Bengaluru,12.9716,77.5946,23.7,77,0.0,0.0,909.6,8.1,233,95,,,0.0,0.0,0.0,,,0.5,69.125,,0.7545000000000001,0.0
2026-05-13 08:00:00,Bengaluru,12.9716,77.5946,26.1,65,0.0,0.0,910.4,7.9,253,23,,,0.0,0.0,0.0,,,-0.1999999999999993,68.66666666666667,,0.8105000000000001,0.0
2026-05-13 09:00:00,Bengaluru,12.9716,77.5946,28.8,50,0.0,0.0,911.3,8.5,269,34,,,0.0,0.0,0.0,,,0.5999999999999996,66.8,,0.89,0.0
2026-05-13 10:00:00,Bengaluru,12.9716,77.5946,31.0,37,0.0,0.0,911.2,7.3,301,63,,,0.0,0.0,0.0,,,-1.2000000000000002,64.0909090909091,,0.921,0.0
2026-05-13 11:00:00,Bengaluru,12.9716,77.5946,31.8,34,0.0,0.0,910.7,7.5,323,57,,,0.0,0.0,0.0,,,0.20000000000000018,61.583333333333336,,0.9450000000000001,0.0
2026-05-13 12:00:00,Bengaluru,12.9716,77.5946,32.5,32,0.1,0.1,910.1,9.1,350,22,,,0.1,0.1,0.007692307692307693,,,1.5999999999999996,59.30769230769231,,1.0045,0.032
2026-05-13 13:00:00,Bengaluru,12.9716,77.5946,33.2,31,0.0,0.0,909.3,11.7,4,17,,,0.1,0.1,0.0071428571428571435,,,2.5999999999999996,57.285714285714285,,1.064,0.0
2026-05-13 14:00:00,Bengaluru,12.9716,77.5946,33.2,32,0.1,0.1,908.3,11.4,12,28,,,0.2,0.2,0.013333333333333334,,,-0.29999999999999893,55.6,,1.068,0.032
2026-05-13 15:00:00,Bengaluru,12.9716,77.5946,33.3,31,0.1,0.1,907.8,12.1,21,95,,,0.30000000000000004,0.30000000000000004,0.018750000000000003,,,0.6999999999999993,54.0625,,1.0844999999999998,0.031
2026-05-13 16:00:00,Bengaluru,12.9716,77.5946,32.7,29,0.2,0.2,907.3,12.9,21,96,,,0.5,0.5,0.029411764705882353,,,0.8000000000000007,52.588235294117645,,1.0955000000000001,0.05800000000000001
2026-05-13 17:00:00,Bengaluru,12.9716,77.5946,33.7,25,0.0,0.0,907.1,10.9,27,99,,,0.5,0.5,0.027777777777777776,,,-2.0,51.05555555555556,,1.0605,0.0
2026-05-13 18:00:00,Bengaluru,12.9716,77.5946,32.7,26,0.0,0.0,907.5,12.5,40,99,,,0.5,0.5,0.02631578947368421,,,1.5999999999999996,49.73684210526316,,1.0675000000000001,0.0
2026-05-13 19:00:00,Bengaluru,12.9716,77.5946,31.8,28,0.0,0.0,908.5,11.9,70,100,,,0.5,0.5,0.025,,,-0.5999999999999996,48.65,,1.0330000000000001,0.0
2026-05-13 20:00:00,Bengaluru,12.9716,77.5946,30.5,32,0.0,0.0,909.1,10.4,90,100,,,0.5,0.5,0.023809523809523808,,,-1.5,47.857142857142854,,0.9704999999999999,0.0
2026-05-13 21:00:00,Bengaluru,12.9716,77.5946,29.3,35,0.0,0.0,909.7,10.1,95,100,,,0.5,0.5,0.022727272727272728,,,-0.3000000000000007,47.27272727272727,,0.9345,0.0
2026-05-13 22:00:00,Bengaluru,12.9716,77.5946,28.7,36,0.0,0.0,909.5,8.5,94,93,,,0.5,0.5,0.021739130434782608,,,-1.5999999999999996,46.78260869565217,,0.8875000000000001,0.0
2026-05-13 23:00:00,Bengaluru,12.9716,77.5946,27.4,46,0.0,0.0,908.8,7.1,153,98,,,0.5,0.5,0.020833333333333332,,,-1.4000000000000004,46.75,,0.827,0.0
2026-05-14 00:00:00,Bengaluru,12.9716,77.5946,26.5,52,0.0,0.0,907.9,7.2,143,98,,,0.5,0.5,0.020833333333333332,0.6999999999999993,-1.6000000000000227,0.10000000000000053,46.541666666666664,,0.8065,0.0
2026-05-14 01:00:00,Bengaluru,12.9716,77.5946,25.6,57,0.0,0.0,907.0,7.0,151,98,,,0.5,0.5,0.020833333333333332,0.7000000000000028,-1.7999999999999545,-0.20000000000000018,46.333333333333336,,0.78,0.0
2026-05-14 02:00:00,Bengaluru,12.9716,77.5946,24.8,63,0.0,0.0,906.4,6.1,183,99,,,0.5,0.5,0.020833333333333332,0.6000000000000014,-2.0,-0.9000000000000004,46.208333333333336,,0.742,0.0
2026-05-14 03:00:00,Bengaluru,12.9716,77.5946,24.0,69,0.0,0.0,906.4,4.9,253,85,,,0.5,0.5,0.020833333333333332,0.0,-1.7000000000000455,-1.1999999999999993,46.25,,0.698,0.0
2026-05-14 04:00:00,Bengaluru,12.9716,77.5946,24.1,65,0.0,0.0,906.7,5.1,321,19,,,0.5,0.5,0.020833333333333332,0.40000000000000213,-1.3999999999999773,0.1999999999999993,46.083333333333336,,0.7045,0.0
2026-05-14 05:00:00,Bengaluru,12.9716,77.5946,24.0,77,0.0,0.0,907.0,8.1,321,89,,,0.5,0.5,0.020833333333333332,0.8000000000000007,-1.2000000000000455,3.0,46.125,,0.762,0.0
2026-05-14 06:00:00,Bengaluru,12.9716,77.5946,23.7,87,0.0,0.0,907.2,9.8,325,97,,,0.5,0.5,0.020833333333333332,0.8999999999999986,-1.2999999999999545,1.700000000000001,46.5,,0.7885,0.0
2026-05-14 07:00:00,Bengaluru,12.9716,77.5946,24.9,83,0.0,0.0,908.3,11.2,320,96,,,0.5,0.5,0.020833333333333332,1.1999999999999993,-1.3000000000000682,1.3999999999999986,46.75,,0.8464999999999999,0.0
2026-05-14 08:00:00,Bengaluru,12.9716,77.5946,27.0,70,0.0,0.0,909.4,10.7,323,21,,,0.5,0.5,0.020833333333333332,0.8999999999999986,-1.0,-0.5,46.958333333333336,,0.889,0.0
2026-05-14 09:00:00,Bengaluru,12.9716,77.5946,29.7,53,0.0,0.0,910.4,11.0,336,44,,,0.5,0.5,0.020833333333333332,0.8999999999999986,-0.8999999999999773,0.3000000000000007,47.083333333333336,,0.9624999999999999,0.0
2026-05-14 10:00:00,Bengaluru,12.9716,77.5946,32.0,38,0.0,0.0,910.6,11.7,358,15,,,0.5,0.5,0.020833333333333332,1.0,-0.6000000000000227,0.6999999999999993,47.125,,1.034,0.0
2026-05-14 11:00:00,Bengaluru,12.9716,77.5946,32.7,32,0.0,0.0,910.5,11.8,17,50,,,0.5,0.5,0.020833333333333332,0.9000000000000021,-0.20000000000004547,0.10000000000000142,47.041666666666664,,1.0535,0.0
2026-05-14 12:00:00,Bengaluru,12.9716,77.5946,33.0,29,0.0,0.0,909.7,12.4,26,95,,,0.4,0.5,0.016666666666666666,0.5,-0.39999999999997726,0.5999999999999996,46.916666666666664,,1.073,0.0
2026-05-14 13:00:00,Bengaluru,12.9716,77.5946,33.5,27,0.1,0.1,909.0,13.6,29,98,,,0.5,0.6000000000000001,0.020833333333333332,0.29999999999999716,-0.2999999999999545,1.1999999999999993,46.75,,1.1195,0.027000000000000003
2026-05-14 14:00:00,Bengaluru,12.9716,77.5946,33.5,28,0.0,0.0,908.1,13.6,18,96,,,0.4,0.6000000000000001,0.016666666666666666,0.29999999999999716,-0.1999999999999318,0.0,46.583333333333336,,1.1095000000000002,0.0
2026-05-14 15:00:00,Bengaluru,12.9716,77.5946,33.7,28,0.0,0.0,907.4,12.3,11,99,,,0.30000000000000004,0.6000000000000001,0.012500000000000002,0.4000000000000057,-0.39999999999997726,-1.299999999999999,46.458333333333336,,1.0885,0.0
2026-05-14 16:00:00,Bengaluru,12.9716,77.5946,33.2,28,0.0,0.0,906.7,11.8,19,95,,,0.1,0.6000000000000001,0.004166666666666667,0.5,-0.599999999999909,-0.5,46.416666666666664,,1.066,0.0
2026-05-14 17:00:00,Bengaluru,12.9716,77.5946,33.3,25,0.0,0.0,907.0,14.3,50,100,,,0.1,0.6000000000000001,0.004166666666666667,-0.4000000000000057,-0.10000000000002274,2.5,46.416666666666664,,1.1185,0.0
2026-05-14 18:00:00,Bengaluru,12.9716,77.5946,32.2,27,0.0,0.0,907.3,12.0,53,98,,,0.1,0.6000000000000001,0.004166666666666667,-0.5,-0.20000000000004547,-2.3000000000000007,46.458333333333336,,1.045,0.0
2026-05-14 19:00:00,Bengaluru,12.9716,77.5946,30.9,33,0.0,0.0,908.3,10.5,73,98,,,0.1,0.6000000000000001,0.004166666666666667,-0.9000000000000021,-0.20000000000004547,-1.5,46.666666666666664,,0.9824999999999999,0.0
2026-05-14 20:00:00,Bengaluru,12.9716,77.5946,30.0,36,0.0,0.0,909.1,7.8,86,98,,,0.1,0.6000000000000001,0.004166666666666667,-0.5,0.0,-2.7,46.833333333333336,,0.906,0.0
2026-05-14 21:00:00,Bengaluru,12.9716,77.5946,29.4,38,0.0,0.0,909.6,7.6,98,89,,,0.1,0.6000000000000001,0.004166666666666667,0.09999999999999787,-0.10000000000002274,-0.20000000000000018,46.958333333333336,,0.887,0.0
2026-05-14 22:00:00,Bengaluru,12.9716,77.5946,28.7,41,0.0,0.0,909.5,7.9,101,49,,,0.1,0.6000000000000001,0.004166666666666667,0.0,0.0,0.3000000000000007,47.166666666666664,,0.8755000000000001,0.0
2026-05-14 23:00:00,Bengaluru,12.9716,77.5946,28.0,46,0.0,0.0,908.7,10.2,120,16,,,0.1,0.6000000000000001,0.004166666666666667,0.6000000000000014,-0.09999999999990905,2.299999999999999,47.166666666666664,,0.9039999999999999,0.0
2026-05-15 00:00:00,Bengaluru,12.9716,77.5946,26.2,56,0.0,0.0,908.1,8.4,143,15,,,0.1,0.6000000000000001,0.004166666666666667,-0.3000000000000007,0.20000000000004547,-1.799999999999999,47.333333333333336,,0.8230000000000001,0.0
2026-05-15 01:00:00,Bengaluru,12.9716,77.5946,25.2,65,0.0,0.0,907.4,8.1,155,5,,,0.1,0.6000000000000001,0.004166666666666667,-0.40000000000000213,0.39999999999997726,-0.3000000000000007,47.666666666666664,,0.792,0.0
2026-05-15 02:00:00,Bengaluru,12.9716,77.5946,24.3,70,0.0,0.0,906.6,7.2,177,52,,,0.1,0.6000000000000001,0.004166666666666667,-0.5,0.20000000000004547,-0.8999999999999995,47.958333333333336,,0.7515000000000001,0.0
2026-05-15 03:00:00,Bengaluru,12.9716,77.5946,23.8,73,0.0,0.0,906.8,7.9,221,64,,,0.1,0.6000000000000001,0.004166666666666667,-0.1999999999999993,0.39999999999997726,0.7000000000000002,48.125,,0.753,0.0
2026-05-15 04:00:00,Bengaluru,12.9716,77.5946,22.9,79,0.0,0.0,907.1,6.7,254,26,,,0.1,0.6000000000000001,0.004166666666666667,-1.2000000000000028,0.39999999999997726,-1.2000000000000002,48.708333333333336,,0.7065,0.0
2026-05-15 05:00:00,Bengaluru,12.9716,77.5946,22.5,89,0.0,0.0,907.3,5.7,229,73,,,0.1,0.6000000000000001,0.004166666666666667,-1.5,0.2999999999999545,-1.0,49.208333333333336,,0.6765,0.0
2026-05-15 06:00:00,Bengaluru,12.9716,77.5946,22.6,84,0.0,0.0,908.0,5.6,274,94,,,0.1,0.6000000000000001,0.004166666666666667,-1.0999999999999979,0.7999999999999545,-0.10000000000000053,49.083333333333336,,0.677,0.0
2026-05-15 07:00:00,Bengaluru,12.9716,77.5946,24.1,75,0.0,0.0,909.2,7.3,312,78,,,0.1,0.6000000000000001,0.004166666666666667,-0.7999999999999972,0.900000000000091,1.7000000000000002,48.75,,0.7485,0.0
2026-05-15 08:00:00,Bengaluru,12.9716,77.5946,26.8,65,0.0,0.0,909.9,9.9,322,100,,,0.1,0.6000000000000001,0.004166666666666667,-0.1999999999999993,0.5,2.6000000000000005,48.541666666666664,,0.8680000000000001,0.0
2026-05-15 09:00:00,Bengaluru,12.9716,77.5946,29.1,53,0.0,0.0,910.2,13.3,328,100,,,0.1,0.6000000000000001,0.004166666666666667,-0.5999999999999979,-0.1999999999999318,3.4000000000000004,48.541666666666664,,0.9935,0.0
2026-05-15 10:00:00,Bengaluru,12.9716,77.5946,30.8,44,0.0,0.0,910.1,14.1,338,100,,,0.1,0.6000000000000001,0.004166666666666667,-1.1999999999999993,-0.5,0.7999999999999989,48.791666666666664,,1.052,0.0
2026-05-15 11:00:00,Bengaluru,12.9716,77.5946,30.4,44,0.0,0.0,910.1,12.0,342,100,,,0.1,0.6000000000000001,0.004166666666666667,-2.3000000000000043,-0.39999999999997726,-2.0999999999999996,49.291666666666664,,1.0,0.0
2026-05-15 12:00:00,Bengaluru,12.9716,77.5946,30.0,45,0.0,0.0,909.5,10.7,337,100,,,0.1,0.6000000000000001,0.004166666666666667,-3.0,-0.20000000000004547,-1.3000000000000007,49.958333333333336,,0.964,0.0
2026-05-15 13:00:00,Bengaluru,12.9716,77.5946,31.0,40,0.0,0.0,909.1,10.6,346,100,,,0.0,0.6000000000000001,0.0,-2.5,0.10000000000002274,-0.09999999999999964,50.5,,0.987,0.0
2026-05-15 14:00:00,Bengaluru,12.9716,77.5946,30.9,38,0.4,0.4,908.2,11.4,3,100,,,0.4,1.0,0.016666666666666666,-2.6000000000000014,0.10000000000002274,0.8000000000000007,50.916666666666664,,1.0405,0.15200000000000002
2026-05-15 15:00:00,Bengaluru,12.9716,77.5946,30.8,37,0.0,0.0,907.9,10.9,8,100,,,0.4,1.0,0.016666666666666666,-2.900000000000002,0.5,-0.5,51.291666666666664,,0.988,0.0
2026-05-15 16:00:00,Bengaluru,12.9716,77.5946,30.9,37,0.0,0.0,907.5,10.4,17,100,,,0.4,1.0,0.016666666666666666,-2.3000000000000043,0.7999999999999545,-0.5,51.666666666666664,,0.9804999999999999,0.0
2026-05-15 17:00:00,Bengaluru,12.9716,77.5946,30.9,37,0.0,0.0,907.7,6.9,7,100,,,0.4,1.0,0.016666666666666666,-2.3999999999999986,0.7000000000000455,-3.5,52.166666666666664,,0.9105,0.0
2026-05-15 18:00:00,Bengaluru,12.9716,77.5946,30.1,40,0.0,0.0,907.8,5.0,2,100,,,0.4,1.0,0.016666666666666666,-2.1000000000000014,0.5,-1.9000000000000004,52.708333333333336,,0.8525,0.0
2026-05-15 19:00:00,Bengaluru,12.9716,77.5946,29.8,42,0.0,0.0,908.2,2.7,62,100,,,0.4,1.0,0.016666666666666666,-1.0999999999999979,-0.09999999999990905,-2.3,53.083333333333336,,0.799,0.0
2026-05-15 20:00:00,Bengaluru,12.9716,77.5946,29.3,44,0.0,0.0,908.5,3.4,267,100,,,0.4,1.0,0.016666666666666666,-0.6999999999999993,-0.6000000000000227,0.6999999999999997,53.416666666666664,,0.8005,0.0
2026-05-15 21:00:00,Bengaluru,12.9716,77.5946,28.3,51,0.0,0.0,908.9,5.1,238,100,,,0.4,1.0,0.016666666666666666,-1.0999999999999979,-0.7000000000000455,1.6999999999999997,53.958333333333336,,0.8095,0.0
2026-05-15 22:00:00,Bengaluru,12.9716,77.5946,27.8,57,0.0,0.0,909.3,4.4,212,100,,,0.4,1.0,0.016666666666666666,-0.8999999999999986,-0.20000000000004547,-0.6999999999999993,54.625,,0.783,0.0
2026-05-15 23:00:00,Bengaluru,12.9716,77.5946,26.7,57,0.0,0.0,908.8,5.8,182,100,,,0.4,1.0,0.016666666666666666,-1.3000000000000007,0.09999999999990905,1.3999999999999995,55.083333333333336,,0.7835,0.0
2026-05-13 00:00:00,Chennai,13.0827,80.2707,29.4,75,0.0,0.0,1003.8,4.7,23,90,,,0.0,0.0,0.0,,,,75.0,,0.829,0.0
2026-05-13 01:00:00,Chennai,13.0827,80.2707,29.1,76,0.0,0.0,1003.3,5.1,18,99,,,0.0,0.0,0.0,,,0.39999999999999947,75.5,,0.8295,0.0
2026-05-13 02:00:00,Chennai,13.0827,80.2707,28.9,78,0.0,0.0,1002.6,5.9,360,98,,,0.0,0.0,0.0,,,0.8000000000000007,76.33333333333333,,0.8404999999999999,0.0
2026-05-13 03:00:00,Chennai,13.0827,80.2707,28.5,80,0.0,0.0,1002.2,5.4,352,95,,,0.0,0.0,0.0,,,-0.5,77.25,,0.8205,0.0
2026-05-13 04:00:00,Chennai,13.0827,80.2707,28.1,82,0.0,0.0,1002.3,4.8,347,7,,,0.0,0.0,0.0,,,-0.6000000000000005,78.2,,0.7985,0.0
2026-05-13 05:00:00,Chennai,13.0827,80.2707,28.0,84,0.0,0.0,1002.6,5.0,341,95,,,0.0,0.0,0.0,,,0.20000000000000018,79.16666666666667,,0.7999999999999999,0.0
2026-05-13 06:00:00,Chennai,13.0827,80.2707,28.1,84,0.0,0.0,1002.9,6.6,331,96,,,0.0,0.0,0.0,,,1.5999999999999996,79.85714285714286,,0.8345,0.0
2026-05-13 07:00:00,Chennai,13.0827,80.2707,29.5,76,0.0,0.0,1003.6,8.7,352,93,,,0.0,0.0,0.0,,,2.0999999999999996,79.375,,0.9115,0.0
2026-05-13 08:00:00,Chennai,13.0827,80.2707,31.4,66,0.0,0.0,1004.1,9.0,3,81,,,0.0,0.0,0.0,,,0.3000000000000007,77.88888888888889,,0.9649999999999999,0.0
2026-05-13 09:00:00,Chennai,13.0827,80.2707,32.8,58,0.0,0.0,1004.5,10.3,12,84,,,0.0,0.0,0.0,,,1.3000000000000007,75.9,,1.026,0.0
2026-05-13 10:00:00,Chennai,13.0827,80.2707,34.1,52,0.0,0.0,1004.0,12.3,22,92,,,0.0,0.0,0.0,,,2.0,73.72727272727273,,1.0985,0.0
2026-05-13 11:00:00,Chennai,13.0827,80.2707,35.0,49,0.0,0.0,1003.5,12.4,24,30,,,0.0,0.0,0.0,,,0.09999999999999964,71.66666666666667,,1.123,0.0
2026-05-13 12:00:00,Chennai,13.0827,80.2707,35.1,48,0.0,0.0,1002.4,14.3,28,16,,,0.0,0.0,0.0,,,1.9000000000000004,69.84615384615384,,1.1635,0.0
2026-05-13 13:00:00,Chennai,13.0827,80.2707,35.0,48,0.0,0.0,1001.3,17.0,36,89,,,0.0,0.0,0.0,,,2.6999999999999993,68.28571428571429,,1.215,0.0
2026-05-13 14:00:00,Chennai,13.0827,80.2707,33.8,55,0.0,0.0,1000.3,18.0,39,93,,,0.0,0.0,0.0,,,1.0,67.4,,1.205,0.0
2026-05-13 15:00:00,Chennai,13.0827,80.2707,33.0,57,0.0,0.0,1000.2,16.8,48,95,,,0.0,0.0,0.0,,,-1.1999999999999993,66.75,,1.161,0.0
2026-05-13 16:00:00,Chennai,13.0827,80.2707,32.0,60,0.0,0.0,1000.5,16.2,53,100,,,0.0,0.0,0.0,,,-0.6000000000000014,66.3529411764706,,1.124,0.0
2026-05-13 17:00:00,Chennai,13.0827,80.2707,31.4,66,0.0,0.0,1001.0,16.1,51,100,,,0.0,0.0,0.0,,,-0.09999999999999787,66.33333333333333,,1.107,0.0
2026-05-13 18:00:00,Chennai,13.0827,80.2707,30.5,71,0.0,0.0,1001.3,14.0,52,99,,,0.0,0.0,0.0,,,-2.1000000000000014,66.57894736842105,,1.0425,0.0
2026-05-13 19:00:00,Chennai,13.0827,80.2707,30.4,72,0.0,0.0,1002.1,13.0,59,99,,,0.0,0.0,0.0,,,-1.0,66.85,,1.02,0.0
2026-05-13 20:00:00,Chennai,13.0827,80.2707,30.1,74,0.0,0.0,1002.9,11.9,63,99,,,0.0,0.0,0.0,,,-1.0999999999999996,67.19047619047619,,0.9905,0.0
2026-05-13 21:00:00,Chennai,13.0827,80.2707,30.0,75,0.0,0.0,1003.7,11.2,64,100,,,0.0,0.0,0.0,,,-0.7000000000000011,67.54545454545455,,0.974,0.0
2026-05-13 22:00:00,Chennai,13.0827,80.2707,29.9,77,0.0,0.0,1003.6,10.9,70,100,,,0.0,0.0,0.0,,,-0.29999999999999893,67.95652173913044,,0.9654999999999999,0.0
2026-05-13 23:00:00,Chennai,13.0827,80.2707,29.5,80,0.0,0.0,1002.2,7.9,60,100,,,0.0,0.0,0.0,,,-3.0,68.45833333333333,,0.8955000000000001,0.0
2026-05-14 00:00:00,Chennai,13.0827,80.2707,29.2,81,0.0,0.0,1001.1,5.7,28,100,,,0.0,0.0,0.0,-0.1999999999999993,-2.699999999999932,-2.2,68.70833333333333,,0.844,0.0
2026-05-14 01:00:00,Chennai,13.0827,80.2707,29.0,81,0.0,0.0,1000.4,6.1,2,98,,,0.0,0.0,0.0,-0.10000000000000142,-2.8999999999999773,0.39999999999999947,68.91666666666667,,0.847,0.0
2026-05-14 02:00:00,Chennai,13.0827,80.2707,28.7,82,0.0,0.0,999.6,8.9,336,96,,,0.0,0.0,0.0,-0.1999999999999993,-3.0,2.8000000000000007,69.08333333333333,,0.8955000000000001,0.0
2026-05-14 03:00:00,Chennai,13.0827,80.2707,28.4,84,0.0,0.0,999.9,6.3,323,98,,,0.0,0.0,0.0,-0.10000000000000142,-2.300000000000068,-2.6000000000000005,69.25,,0.836,0.0
2026-05-14 04:00:00,Chennai,13.0827,80.2707,28.3,84,0.0,0.0,1000.7,4.6,306,95,,,0.0,0.0,0.0,0.1999999999999993,-1.599999999999909,-1.7000000000000002,69.33333333333333,,0.7995,0.0
2026-05-14 05:00:00,Chennai,13.0827,80.2707,28.3,85,0.0,0.0,1000.8,8.2,337,54,,,0.0,0.0,0.0,0.3000000000000007,-1.8000000000000682,3.5999999999999996,69.375,,0.8714999999999999,0.0
2026-05-14 06:00:00,Chennai,13.0827,80.2707,28.5,84,0.0,0.0,1001.7,7.7,336,90,,,0.0,0.0,0.0,0.3999999999999986,-1.1999999999999318,-0.4999999999999991,69.375,,0.8665,0.0
2026-05-14 07:00:00,Chennai,13.0827,80.2707,29.6,77,0.0,0.0,1002.6,5.0,334,98,,,0.0,0.0,0.0,0.10000000000000142,-1.0,-2.7,69.41666666666667,,0.84,0.0
2026-05-14 08:00:00,Chennai,13.0827,80.2707,30.8,70,0.0,0.0,1003.5,6.4,25,100,,,0.0,0.0,0.0,-0.5999999999999979,-0.6000000000000227,1.4000000000000004,69.58333333333333,,0.898,0.0
2026-05-14 09:00:00,Chennai,13.0827,80.2707,31.6,64,0.3,0.3,1004.2,10.7,45,87,,,0.3,0.3,0.012499999999999999,-1.1999999999999957,-0.2999999999999545,4.299999999999999,69.83333333333333,,1.034,0.192
2026-05-14 10:00:00,Chennai,13.0827,80.2707,33.0,59,0.1,0.1,1003.9,11.1,42,21,,,0.4,0.4,0.016666666666666666,-1.1000000000000014,-0.10000000000002274,0.40000000000000036,70.125,,1.057,0.059000000000000004
2026-05-14 11:00:00,Chennai,13.0827,80.2707,34.0,52,0.0,0.0,1003.2,11.5,40,98,,,0.4,0.4,0.016666666666666666,-1.0,-0.2999999999999545,0.40000000000000036,70.25,,1.08,0.0
2026-05-14 12:00:00,Chennai,13.0827,80.2707,33.3,55,0.1,0.1,1002.4,14.6,46,99,,,0.5,0.5,0.020833333333333332,-1.8000000000000043,0.0,3.0999999999999996,70.54166666666667,,1.1344999999999998,0.055
2026-05-14 13:00:00,Chennai,13.0827,80.2707,33.2,58,0.1,0.1,1001.6,14.3,42,98,,,0.6,0.6,0.024999999999999998,-1.7999999999999972,0.3000000000000682,-0.29999999999999893,70.95833333333333,,1.1260000000000001,0.05800000000000001
2026-05-14 14:00:00,Chennai,13.0827,80.2707,33.1,59,0.0,0.0,1000.7,16.1,42,100,,,0.6,0.6,0.024999999999999998,-0.6999999999999957,0.40000000000009095,1.8000000000000007,71.125,,1.1495,0.0
2026-05-14 15:00:00,Chennai,13.0827,80.2707,32.3,62,0.0,0.0,1000.4,14.2,41,99,,,0.6,0.6,0.024999999999999998,-0.7000000000000028,0.1999999999999318,-1.9000000000000021,71.33333333333333,,1.0915,0.0
2026-05-14 16:00:00,Chennai,13.0827,80.2707,31.8,64,0.0,0.0,1000.4,11.8,54,100,,,0.6,0.6,0.024999999999999998,-0.1999999999999993,-0.10000000000002274,-2.3999999999999986,71.5,,1.0310000000000001,0.0
2026-05-14 17:00:00,Chennai,13.0827,80.2707,31.5,70,0.0,0.0,1000.3,11.1,56,100,,,0.6,0.6,0.024999999999999998,0.10000000000000142,-0.7000000000000455,-0.7000000000000011,71.66666666666667,,1.0095,0.0
2026-05-14 18:00:00,Chennai,13.0827,80.2707,30.5,74,0.0,0.0,1000.9,9.5,57,100,,,0.6,0.6,0.024999999999999998,0.0,-0.39999999999997726,-1.5999999999999996,71.79166666666667,,0.9524999999999999,0.0
2026-05-14 19:00:00,Chennai,13.0827,80.2707,30.1,76,0.0,0.0,1001.6,6.8,68,99,,,0.6,0.6,0.024999999999999998,-0.29999999999999716,-0.5,-2.7,71.95833333333333,,0.8885000000000001,0.0
2026-05-14 20:00:00,Chennai,13.0827,80.2707,29.9,78,0.0,0.0,1002.4,6.0,80,95,,,0.6,0.6,0.024999999999999998,-0.20000000000000284,-0.5,-0.7999999999999998,72.125,,0.8674999999999999,0.0
2026-05-14 21:00:00,Chennai,13.0827,80.2707,29.8,78,0.0,0.0,1003.1,4.0,54,95,,,0.6,0.6,0.024999999999999998,-0.1999999999999993,-0.6000000000000227,-2.0,72.25,,0.825,0.0
2026-05-14 22:00:00,Chennai,13.0827,80.2707,29.6,79,0.0,0.0,1003.1,5.2,41,99,,,0.6,0.6,0.024999999999999998,-0.29999999999999716,-0.5,1.2000000000000002,72.33333333333333,,0.844,0.0
2026-05-14 23:00:00,Chennai,13.0827,80.2707,30.1,80,0.0,0.0,1002.5,4.3,66,99,,,0.6,0.6,0.024999999999999998,0.6000000000000014,0.2999999999999545,-0.9000000000000004,72.33333333333333,,0.8385,0.0
2026-05-15 00:00:00,Chennai,13.0827,80.2707,28.6,84,0.3,0.3,1001.8,3.7,39,99,,,0.9,0.9,0.0375,-0.5999999999999979,0.6999999999999318,-0.5999999999999996,72.45833333333333,,0.8190000000000001,0.252
2026-05-15 01:00:00,Chennai,13.0827,80.2707,28.5,84,0.0,0.0,1001.3,0.9,79,100,,,0.9,0.9,0.0375,-0.5,0.8999999999999773,-2.8000000000000003,72.58333333333333,,0.7305,0.0
2026-05-15 02:00:00,Chennai,13.0827,80.2707,28.3,84,0.1,0.1,1000.9,3.2,164,98,,,1.0,1.0,0.041666666666666664,-0.3999999999999986,1.2999999999999545,2.3000000000000003,72.66666666666667,,0.7815,0.084
2026-05-15 03:00:00,Chennai,13.0827,80.2707,28.0,85,0.1,0.1,1000.6,4.0,243,87,,,1.1,1.1,0.04583333333333334,-0.3999999999999986,0.7000000000000455,0.7999999999999998,72.70833333333333,,0.7899999999999999,0.085
2026-05-15 04:00:00,Chennai,13.0827,80.2707,27.8,87,0.0,0.0,1000.7,4.9,270,81,,,1.1,1.1,0.04583333333333334,-0.5,0.0,0.9000000000000004,72.83333333333333,,0.793,0.0
2026-05-15 05:00:00,Chennai,13.0827,80.2707,28.5,84,0.0,0.0,1001.6,1.6,276,99,,,1.1,1.1,0.04583333333333334,0.1999999999999993,0.8000000000000682,-3.3000000000000003,72.79166666666667,,0.7445,0.0
2026-05-15 06:00:00,Chennai,13.0827,80.2707,28.1,88,0.3,0.3,1002.0,2.9,240,100,,,1.4,1.4,0.05833333333333333,-0.3999999999999986,0.2999999999999545,1.2999999999999998,72.95833333333333,,0.7905,0.264
2026-05-15 07:00:00,Chennai,13.0827,80.2707,29.1,82,0.4,0.4,1002.5,7.0,305,100,,,1.8,1.8,0.075,-0.5,-0.10000000000002274,4.1,73.16666666666667,,0.9075000000000001,0.32800000000000007
2026-05-15 08:00:00,Chennai,13.0827,80.2707,30.6,71,0.6,0.6,1002.8,9.3,338,100,,,2.4,2.4,0.09999999999999999,-0.1999999999999993,-0.7000000000000455,2.3000000000000007,73.20833333333333,,1.0110000000000001,0.426
2026-05-15 09:00:00,Chennai,13.0827,80.2707,31.5,66,0.5,0.5,1002.5,12.2,360,98,,,2.6,2.9,0.10833333333333334,-0.10000000000000142,-1.7000000000000455,2.8999999999999986,73.29166666666667,,1.0815,0.33
2026-05-15 10:00:00,Chennai,13.0827,80.2707,32.5,62,0.8,0.8,1003.5,10.9,17,100,,,3.3000000000000003,3.7,0.1375,-0.5,-0.39999999999997726,-1.299999999999999,73.41666666666667,,1.1105,0.496
2026-05-15 11:00:00,Chennai,13.0827,80.2707,33.0,60,0.4,0.4,1002.7,14.9,23,99,,,3.7,4.1,0.15416666666666667,-1.0,-0.5,4.0,73.75,,1.1629999999999998,0.24
2026-05-15 12:00:00,Chennai,13.0827,80.2707,32.7,60,0.0,0.0,1002.2,12.2,31,100,,,3.6,4.1,0.15,-0.5999999999999943,-0.1999999999999318,-2.700000000000001,73.95833333333333,,1.0615,0.0
2026-05-15 13:00:00,Chennai,13.0827,80.2707,29.1,78,1.2,1.2,1002.8,13.1,99,100,,,4.7,5.3,0.19583333333333333,-4.100000000000001,1.1999999999999318,0.9000000000000004,74.79166666666667,,1.1095000000000002,0.9359999999999999
2026-05-15 14:00:00,Chennai,13.0827,80.2707,27.1,87,0.3,0.3,1001.8,15.6,123,100,,,5.0,5.6,0.20833333333333334,-6.0,1.099999999999909,2.5,75.95833333333333,,1.0194999999999999,0.26099999999999995
2026-05-15 15:00:00,Chennai,13.0827,80.2707,28.1,80,0.0,0.0,1000.9,8.3,94,100,,,5.0,5.6,0.20833333333333334,-4.199999999999996,0.5,-7.299999999999999,76.70833333333333,,0.8685,0.0
2026-05-15 16:00:00,Chennai,13.0827,80.2707,28.0,80,0.0,0.0,1000.9,7.4,137,100,,,5.0,5.6,0.20833333333333334,-3.8000000000000007,0.5,-0.9000000000000004,77.375,,0.848,0.0
2026-05-15 17:00:00,Chennai,13.0827,80.2707,28.6,86,0.0,0.0,1001.2,11.0,94,100,,,5.0,5.6,0.20833333333333334,-2.8999999999999986,0.900000000000091,3.5999999999999996,78.04166666666667,,0.935,0.0
2026-05-15 18:00:00,Chennai,13.0827,80.2707,28.4,87,0.0,0.0,1001.8,9.0,121,100,,,5.0,5.6,0.20833333333333334,-2.1000000000000014,0.8999999999999773,-2.0,78.58333333333333,,0.8899999999999999,0.0
2026-05-15 19:00:00,Chennai,13.0827,80.2707,28.4,86,0.0,0.0,1002.2,6.4,130,100,,,5.0,5.6,0.20833333333333334,-1.7000000000000028,0.6000000000000227,-2.5999999999999996,79.0,,0.838,0.0
2026-05-15 20:00:00,Chennai,13.0827,80.2707,28.4,86,0.0,0.0,1002.9,8.2,122,100,,,5.0,5.6,0.20833333333333334,-1.5,0.5,1.799999999999999,79.33333333333333,,0.8739999999999999,0.0
2026-05-15 21:00:00,Chennai,13.0827,80.2707,28.3,87,0.0,0.0,1003.2,7.2,109,100,,,5.0,5.6,0.20833333333333334,-1.5,0.10000000000002274,-0.9999999999999991,79.70833333333333,,0.8515,0.0
2026-05-15 22:00:00,Chennai,13.0827,80.2707,28.2,88,0.0,0.0,1003.3,3.9,127,100,,,5.0,5.6,0.20833333333333334,-1.4000000000000021,0.1999999999999318,-3.3000000000000003,80.08333333333333,,0.7829999999999999,0.0
2026-05-15 23:00:00,Chennai,13.0827,80.2707,28.0,96,1.0,1.0,1002.5,6.5,228,100,,,6.0,6.6,0.25,-2.1000000000000014,0.0,2.6,80.75,,0.9299999999999999,0.96
2026-05-13 00:00:00,Delhi,28.7041,77.1025,29.4,59,0.0,0.0,977.7,10.7,83,0,,,0.0,0.0,0.0,,,,59.0,,0.949,0.0
2026-05-13 01:00:00,Delhi,28.7041,77.1025,28.5,61,0.0,0.0,977.1,11.1,106,0,,,0.0,0.0,0.0,,,0.40000000000000036,60.0,,0.9345,0.0
2026-05-13 02:00:00,Delhi,28.7041,77.1025,28.0,62,0.0,0.0,976.9,9.1,112,1,,,0.0,0.0,0.0,,,-2.0,60.666666666666664,,0.8819999999999999,0.0
2026-05-13 03:00:00,Delhi,28.7041,77.1025,27.5,63,0.0,0.0,977.5,7.2,104,0,,,0.0,0.0,0.0,,,-1.8999999999999995,61.25,,0.8315,0.0
2026-05-13 04:00:00,Delhi,28.7041,77.1025,27.0,65,0.0,0.0,977.9,8.3,68,0,,,0.0,0.0,0.0,,,1.1000000000000005,62.0,,0.8410000000000001,0.0
2026-05-13 05:00:00,Delhi,28.7041,77.1025,27.5,65,0.0,0.0,977.9,11.1,115,0,,,0.0,0.0,0.0,,,2.799999999999999,62.5,,0.9095,0.0
2026-05-13 06:00:00,Delhi,28.7041,77.1025,27.5,66,0.0,0.0,978.6,8.5,118,2,,,0.0,0.0,0.0,,,-2.5999999999999996,63.0,,0.8575,0.0
2026-05-13 07:00:00,Delhi,28.7041,77.1025,28.8,62,0.0,0.0,979.3,8.6,98,0,,,0.0,0.0,0.0,,,0.09999999999999964,62.875,,0.8919999999999999,0.0
2026-05-13 08:00:00,Delhi,28.7041,77.1025,30.9,55,0.0,0.0,980.0,10.3,77,9,,,0.0,0.0,0.0,,,1.700000000000001,62.0,,0.9784999999999999,0.0
2026-05-13 09:00:00,Delhi,28.7041,77.1025,33.3,46,0.0,0.0,980.1,10.6,92,4,,,0.0,0.0,0.0,,,0.29999999999999893,60.4,,1.0445,0.0
2026-05-13 10:00:00,Delhi,28.7041,77.1025,35.8,37,0.0,0.0,979.6,9.4,113,0,,,0.0,0.0,0.0,,,-1.1999999999999993,58.27272727272727,,1.083,0.0
2026-05-13 11:00:00,Delhi,28.7041,77.1025,36.6,29,0.0,0.0,979.7,10.1,134,27,,,0.0,0.0,0.0,,,0.6999999999999993,55.833333333333336,,1.117,0.0
2026-05-13 12:00:00,Delhi,28.7041,77.1025,37.5,28,0.0,0.0,978.8,7.1,126,1,,,0.0,0.0,0.0,,,-3.0,53.69230769230769,,1.0795,0.0
2026-05-13 13:00:00,Delhi,28.7041,77.1025,38.3,26,0.0,0.0,977.6,5.5,134,9,,,0.0,0.0,0.0,,,-1.5999999999999996,51.714285714285715,,1.0675,0.0
2026-05-13 14:00:00,Delhi,28.7041,77.1025,39.0,24,0.0,0.0,976.1,4.0,150,12,,,0.0,0.0,0.0,,,-1.5,49.86666666666667,,1.055,0.0
2026-05-13 15:00:00,Delhi,28.7041,77.1025,39.4,21,0.0,0.0,975.4,3.3,229,23,,,0.0,0.0,0.0,,,-0.7000000000000002,48.0625,,1.051,0.0
2026-05-13 16:00:00,Delhi,28.7041,77.1025,38.5,20,0.0,0.0,975.7,13.5,291,34,,,0.0,0.0,0.0,,,10.2,46.411764705882355,,1.2325,0.0
2026-05-13 17:00:00,Delhi,28.7041,77.1025,38.8,27,0.1,0.1,973.5,4.0,111,13,,,0.1,0.1,0.005555555555555556,,,-9.5,45.333333333333336,,1.06,0.027000000000000003
2026-05-13 18:00:00,Delhi,28.7041,77.1025,37.2,30,0.0,0.0,974.0,4.5,137,4,,,0.1,0.1,0.005263157894736842,,,0.5,44.526315789473685,,1.02,0.0
2026-05-13 19:00:00,Delhi,28.7041,77.1025,35.5,35,0.0,0.0,974.7,0.7,14,30,,,0.1,0.1,0.005,,,-3.8,44.05,,0.9015,0.0
2026-05-13 20:00:00,Delhi,28.7041,77.1025,33.8,43,0.0,0.0,975.9,4.3,5,43,,,0.1,0.1,0.004761904761904762,,,3.5999999999999996,44.0,,0.9309999999999999,0.0
2026-05-13 21:00:00,Delhi,28.7041,77.1025,32.7,50,0.0,0.0,976.5,6.6,45,91,,,0.1,0.1,0.004545454545454546,,,2.3,44.27272727272727,,0.9495000000000001,0.0
2026-05-13 22:00:00,Delhi,28.7041,77.1025,32.2,54,0.0,0.0,976.4,7.9,66,78,,,0.1,0.1,0.004347826086956522,,,1.3000000000000007,44.69565217391305,,0.9630000000000001,0.0
2026-05-13 23:00:00,Delhi,28.7041,77.1025,28.0,62,0.0,0.0,977.4,12.9,37,57,,,0.1,0.1,0.004166666666666667,,,5.0,45.416666666666664,,0.958,0.0
2026-05-14 00:00:00,Delhi,28.7041,77.1025,27.6,60,0.0,0.0,976.2,9.0,60,58,,,0.1,0.1,0.004166666666666667,-1.7999999999999972,-1.5,-3.9000000000000004,45.458333333333336,,0.8700000000000001,0.0
2026-05-14 01:00:00,Delhi,28.7041,77.1025,27.5,57,0.0,0.0,975.4,7.6,54,80,,,0.1,0.1,0.004166666666666667,-1.0,-1.7000000000000455,-1.4000000000000004,45.291666666666664,,0.8395,0.0
2026-05-14 02:00:00,Delhi,28.7041,77.1025,27.6,56,0.0,0.0,975.1,1.9,131,91,,,0.1,0.1,0.004166666666666667,-0.3999999999999986,-1.7999999999999545,-5.699999999999999,45.041666666666664,,0.7280000000000001,0.0
2026-05-14 03:00:00,Delhi,28.7041,77.1025,27.6,55,0.0,0.0,975.1,4.4,218,94,,,0.1,0.1,0.004166666666666667,0.10000000000000142,-2.3999999999999773,2.5000000000000004,44.708333333333336,,0.778,0.0
2026-05-14 04:00:00,Delhi,28.7041,77.1025,27.4,55,0.0,0.0,975.3,7.8,217,80,,,0.1,0.1,0.004166666666666667,0.3999999999999986,-2.6000000000000227,3.3999999999999995,44.291666666666664,,0.841,0.0
2026-05-14 05:00:00,Delhi,28.7041,77.1025,26.6,63,0.0,0.0,975.7,9.3,212,88,,,0.1,0.1,0.004166666666666667,-0.8999999999999986,-2.199999999999932,1.5000000000000009,44.208333333333336,,0.8510000000000001,0.0
2026-05-14 06:00:00,Delhi,28.7041,77.1025,26.4,62,0.0,0.0,977.0,7.1,218,41,,,0.1,0.1,0.004166666666666667,-1.1000000000000014,-1.6000000000000227,-2.200000000000001,44.041666666666664,,0.8019999999999999,0.0
2026-05-14 07:00:00,Delhi,28.7041,77.1025,27.9,52,0.0,0.0,977.3,7.0,209,16,,,0.1,0.1,0.004166666666666667,-0.9000000000000021,-2.0,-0.09999999999999964,43.625,,0.8375,0.0
2026-05-14 08:00:00,Delhi,28.7041,77.1025,30.6,41,0.0,0.0,977.9,6.3,215,9,,,0.1,0.1,0.004166666666666667,-0.29999999999999716,-2.1000000000000227,-0.7000000000000002,43.041666666666664,,0.891,0.0
2026-05-14 09:00:00,Delhi,28.7041,77.1025,33.5,33,0.0,0.0,978.5,5.9,225,23,,,0.1,0.1,0.004166666666666667,0.20000000000000284,-1.6000000000000227,-0.39999999999999947,42.5,,0.9555,0.0
2026-05-14 10:00:00,Delhi,28.7041,77.1025,35.8,28,0.0,0.0,979.0,4.5,233,60,,,0.1,0.1,0.004166666666666667,0.0,-0.6000000000000227,-1.4000000000000004,42.125,,0.9849999999999999,0.0
2026-05-14 11:00:00,Delhi,28.7041,77.1025,37.4,22,0.0,0.0,978.9,0.9,180,41,,,0.1,0.1,0.004166666666666667,0.7999999999999972,-0.8000000000000682,-3.6,41.833333333333336,,0.953,0.0
2026-05-14 12:00:00,Delhi,28.7041,77.1025,38.8,21,0.0,0.0,978.3,3.1,7,74,,,0.1,0.1,0.004166666666666667,1.2999999999999972,-0.5,2.2,41.541666666666664,,1.032,0.0
2026-05-14 13:00:00,Delhi,28.7041,77.1025,38.8,21,0.0,0.0,977.6,3.9,332,30,,,0.1,0.1,0.004166666666666667,0.5,0.0,0.7999999999999998,41.333333333333336,,1.048,0.0
2026-05-14 14:00:00,Delhi,28.7041,77.1025,38.9,20,0.0,0.0,976.6,6.3,305,17,,,0.1,0.1,0.004166666666666667,-0.10000000000000142,0.5,2.4,41.166666666666664,,1.0985,0.0
2026-05-14 15:00:00,Delhi,28.7041,77.1025,38.5,21,0.0,0.0,975.9,4.4,353,16,,,0.1,0.1,0.004166666666666667,-0.8999999999999986,0.5,-1.8999999999999995,41.166666666666664,,1.0505,0.0
2026-05-14 16:00:00,Delhi,28.7041,77.1025,38.5,21,0.0,0.0,975.1,4.2,10,7,,,0.1,0.1,0.004166666666666667,0.0,-0.6000000000000227,-0.20000000000000018,41.208333333333336,,1.0465,0.0
2026-05-14 17:00:00,Delhi,28.7041,77.1025,38.2,23,0.0,0.0,973.8,10.8,42,5,,,0.0,0.1,0.0,-0.5999999999999943,0.2999999999999545,6.6000000000000005,41.041666666666664,,1.171,0.0
2026-05-14 18:00:00,Delhi,28.7041,77.1025,36.5,29,0.0,0.0,974.2,12.0,54,10,,,0.0,0.1,0.0,-0.7000000000000028,0.20000000000004547,1.1999999999999993,41.0,,1.1524999999999999,0.0
2026-05-14 19:00:00,Delhi,28.7041,77.1025,35.0,34,0.0,0.0,974.9,10.0,62,7,,,0.0,0.1,0.0,-0.5,0.1999999999999318,-2.0,40.958333333333336,,1.075,0.0
2026-05-14 20:00:00,Delhi,28.7041,77.1025,34.5,36,0.0,0.0,975.4,9.4,78,63,,,0.0,0.1,0.0,0.7000000000000028,-0.5,-0.5999999999999996,40.666666666666664,,1.0505,0.0
2026-05-14 21:00:00,Delhi,28.7041,77.1025,34.3,37,0.0,0.0,976.1,8.1,107,21,,,0.0,0.1,0.0,1.5999999999999943,-0.39999999999997726,-1.3000000000000007,40.125,,1.0194999999999999,0.0
2026-05-14 22:00:00,Delhi,28.7041,77.1025,33.3,40,0.0,0.0,976.5,5.0,90,71,,,0.0,0.1,0.0,1.0999999999999943,0.10000000000002274,-3.0999999999999996,39.541666666666664,,0.9324999999999999,0.0
2026-05-14 23:00:00,Delhi,28.7041,77.1025,30.7,50,0.0,0.0,977.8,12.7,306,100,,,0.0,0.1,0.0,2.6999999999999993,0.39999999999997726,7.699999999999999,39.041666666666664,,1.0215,0.0
2026-05-15 00:00:00,Delhi,28.7041,77.1025,28.3,60,0.0,0.0,977.3,9.1,284,100,,,0.0,0.1,0.0,0.6999999999999993,1.099999999999909,-3.5999999999999996,39.041666666666664,,0.8895,0.0
2026-05-15 01:00:00,Delhi,28.7041,77.1025,28.0,64,0.0,0.0,977.6,12.0,319,99,,,0.0,0.1,0.0,0.5,2.2000000000000455,2.9000000000000004,39.333333333333336,,0.94,0.0
2026-05-15 02:00:00,Delhi,28.7041,77.1025,28.5,53,0.0,0.0,977.3,13.3,333,89,,,0.0,0.1,0.0,0.8999999999999986,2.199999999999932,1.3000000000000007,39.208333333333336,,0.9785,0.0
2026-05-15 03:00:00,Delhi,28.7041,77.1025,27.8,53,0.0,0.0,976.7,11.8,351,48,,,0.0,0.1,0.0,0.1999999999999993,1.6000000000000227,-1.5,39.125,,0.931,0.0
2026-05-15 04:00:00,Delhi,28.7041,77.1025,27.2,51,0.0,0.0,976.2,8.6,358,25,,,0.0,0.1,0.0,-0.1999999999999993,0.900000000000091,-3.200000000000001,38.958333333333336,,0.8519999999999999,0.0
2026-05-15 05:00:00,Delhi,28.7041,77.1025,28.6,49,0.0,0.0,975.6,9.0,22,28,,,0.0,0.1,0.0,2.0,-0.10000000000002274,0.40000000000000036,38.375,,0.895,0.0
2026-05-15 06:00:00,Delhi,28.7041,77.1025,28.2,53,0.0,0.0,976.8,3.7,209,1,,,0.0,0.1,0.0,1.8000000000000007,-0.20000000000004547,-5.3,38.0,,0.7789999999999999,0.0
2026-05-15 07:00:00,Delhi,28.7041,77.1025,29.9,47,0.0,0.0,977.7,5.6,209,0,,,0.0,0.1,0.0,2.0,0.40000000000009095,1.8999999999999995,37.791666666666664,,0.8594999999999999,0.0
2026-05-15 08:00:00,Delhi,28.7041,77.1025,32.0,40,0.0,0.0,978.4,4.7,252,0,,,0.0,0.1,0.0,1.3999999999999986,0.5,-0.8999999999999995,37.75,,0.894,0.0
2026-05-15 09:00:00,Delhi,28.7041,77.1025,33.9,33,0.0,0.0,979.1,4.3,253,0,,,0.0,0.1,0.0,0.3999999999999986,0.6000000000000227,-0.40000000000000036,37.75,,0.9334999999999999,0.0
2026-05-15 10:00:00,Delhi,28.7041,77.1025,35.8,25,0.0,0.0,979.5,5.6,255,0,,,0.0,0.1,0.0,0.0,0.5,1.2999999999999998,37.625,,1.007,0.0
2026-05-15 11:00:00,Delhi,28.7041,77.1025,38.2,20,0.0,0.0,979.3,10.1,246,1,,,0.0,0.1,0.0,0.8000000000000043,0.39999999999997726,4.5,37.541666666666664,,1.157,0.0
2026-05-15 12:00:00,Delhi,28.7041,77.1025,38.8,18,0.0,0.0,978.9,11.0,273,31,,,0.0,0.1,0.0,0.0,0.6000000000000227,0.9000000000000004,37.416666666666664,,1.19,0.0
2026-05-15 13:00:00,Delhi,28.7041,77.1025,39.2,18,0.0,0.0,978.0,11.0,293,10,,,0.0,0.1,0.0,0.4000000000000057,0.39999999999997726,0.0,37.291666666666664,,1.2000000000000002,0.0
2026-05-15 14:00:00,Delhi,28.7041,77.1025,39.5,16,0.0,0.0,976.8,15.9,302,16,,,0.0,0.1,0.0,0.6000000000000014,0.1999999999999318,4.9,37.125,,1.3055,0.0
2026-05-15 15:00:00,Delhi,28.7041,77.1025,39.0,16,0.0,0.0,976.3,18.2,300,9,,,0.0,0.1,0.0,0.5,0.39999999999997726,2.299999999999999,36.916666666666664,,1.339,0.0
2026-05-15 16:00:00,Delhi,28.7041,77.1025,38.6,17,0.0,0.0,975.6,15.7,308,10,,,0.0,0.1,0.0,0.10000000000000142,0.5,-2.5,36.75,,1.2790000000000001,0.0
2026-05-15 17:00:00,Delhi,28.7041,77.1025,37.8,19,0.0,0.0,975.4,11.6,345,24,,,0.0,0.1,0.0,-0.4000000000000057,1.6000000000000227,-4.1,36.583333333333336,,1.177,0.0
2026-05-15 18:00:00,Delhi,28.7041,77.1025,36.3,23,0.0,0.0,975.5,9.4,17,1,,,0.0,0.1,0.0,-0.20000000000000284,1.2999999999999545,-2.1999999999999993,36.333333333333336,,1.0955,0.0
2026-05-15 19:00:00,Delhi,28.7041,77.1025,34.7,28,0.0,0.0,975.9,9.4,43,1,,,0.0,0.1,0.0,-0.29999999999999716,1.0,0.0,36.083333333333336,,1.0555,0.0
2026-05-15 20:00:00,Delhi,28.7041,77.1025,33.4,32,0.0,0.0,976.5,6.0,27,0,,,0.0,0.1,0.0,-1.1000000000000014,1.1000000000000227,-3.4000000000000004,35.916666666666664,,0.955,0.0
2026-05-15 21:00:00,Delhi,28.7041,77.1025,32.5,36,0.0,0.0,977.2,5.8,2,1,,,0.0,0.1,0.0,-1.7999999999999972,1.1000000000000227,-0.20000000000000018,35.875,,0.9285,0.0
2026-05-15 22:00:00,Delhi,28.7041,77.1025,31.0,40,0.0,0.0,977.6,7.9,13,0,,,0.0,0.1,0.0,-2.299999999999997,1.1000000000000227,2.1000000000000005,35.875,,0.933,0.0
2026-05-15 23:00:00,Delhi,28.7041,77.1025,30.6,44,0.0,0.0,977.3,7.5,8,0,,,0.0,0.1,0.0,-0.09999999999999787,-0.5,-0.40000000000000036,35.625,,0.915,0.0
2026-05-13 00:00:00,Kolkata,22.5726,88.3639,27.5,82,0.0,0.0,1004.3,8.3,174,23,,,0.0,0.0,0.0,,,,82.0,,0.8535,0.0
2026-05-13 01:00:00,Kolkata,22.5726,88.3639,27.2,83,0.0,0.0,1003.8,7.8,187,30,,,0.0,0.0,0.0,,,-0.5000000000000009,82.5,,0.836,0.0
2026-05-13 02:00:00,Kolkata,22.5726,88.3639,27.1,82,0.0,0.0,1003.2,9.2,179,1,,,0.0,0.0,0.0,,,1.3999999999999995,82.33333333333333,,0.8614999999999999,0.0
2026-05-13 03:00:00,Kolkata,22.5726,88.3639,26.8,83,0.0,0.0,1003.3,8.6,180,5,,,0.0,0.0,0.0,,,-0.5999999999999996,82.5,,0.8420000000000001,0.0
2026-05-13 04:00:00,Kolkata,22.5726,88.3639,26.6,84,0.0,0.0,1003.5,7.8,171,11,,,0.0,0.0,0.0,,,-0.7999999999999998,82.8,,0.8210000000000001,0.0
2026-05-13 05:00:00,Kolkata,22.5726,88.3639,27.0,86,0.0,0.0,1003.6,7.0,177,12,,,0.0,0.0,0.0,,,-0.7999999999999998,83.33333333333333,,0.8150000000000001,0.0
2026-05-13 06:00:00,Kolkata,22.5726,88.3639,27.9,84,0.0,0.0,1004.7,7.2,174,16,,,0.0,0.0,0.0,,,0.20000000000000018,83.42857142857143,,0.8415,0.0
2026-05-13 07:00:00,Kolkata,22.5726,88.3639,29.0,79,0.0,0.0,1005.0,8.7,184,29,,,0.0,0.0,0.0,,,1.4999999999999991,82.875,,0.899,0.0
2026-05-13 08:00:00,Kolkata,22.5726,88.3639,30.5,71,0.0,0.0,1005.2,10.4,198,18,,,0.0,0.0,0.0,,,1.700000000000001,81.55555555555556,,0.9704999999999999,0.0
2026-05-13 09:00:00,Kolkata,22.5726,88.3639,31.8,66,0.0,0.0,1005.1,9.7,198,16,,,0.0,0.0,0.0,,,-0.7000000000000011,80.0,,0.989,0.0
2026-05-13 10:00:00,Kolkata,22.5726,88.3639,32.7,62,0.0,0.0,1004.7,9.6,192,10,,,0.0,0.0,0.0,,,-0.09999999999999964,78.36363636363636,,1.0095,0.0
2026-05-13 11:00:00,Kolkata,22.5726,88.3639,31.4,64,0.0,0.0,1003.7,12.0,189,19,,,0.0,0.0,0.0,,,2.4000000000000004,77.16666666666667,,1.025,0.0
2026-05-13 12:00:00,Kolkata,22.5726,88.3639,32.7,60,0.3,0.3,1002.7,11.2,181,13,,,0.3,0.3,0.023076923076923075,,,-0.8000000000000007,75.84615384615384,,1.0715000000000001,0.18
2026-05-13 13:00:00,Kolkata,22.5726,88.3639,32.9,57,0.3,0.3,1001.2,13.8,197,11,,,0.6,0.6,0.04285714285714286,,,2.6000000000000014,74.5,,1.1285,0.17099999999999999
2026-05-13 14:00:00,Kolkata,22.5726,88.3639,32.2,60,0.6,0.6,1000.5,14.8,196,41,,,1.2,1.2,0.08,,,1.0,73.53333333333333,,1.161,0.36
2026-05-13 15:00:00,Kolkata,22.5726,88.3639,32.2,61,0.4,0.4,999.6,12.8,194,11,,,1.6,1.6,0.1,,,-2.0,72.75,,1.101,0.24400000000000002
2026-05-13 16:00:00,Kolkata,22.5726,88.3639,29.9,70,0.9,0.9,999.6,10.5,204,73,,,2.5,2.5,0.14705882352941177,,,-2.3000000000000007,72.58823529411765,,1.0474999999999999,0.63
2026-05-13 17:00:00,Kolkata,22.5726,88.3639,30.8,71,7.1,7.1,1000.0,8.7,194,16,,,9.6,9.6,0.5333333333333333,,,-1.8000000000000007,72.5,,1.654,5.0409999999999995
2026-05-13 18:00:00,Kolkata,22.5726,88.3639,30.0,74,0.0,0.0,1000.5,6.7,160,5,,,9.6,9.6,0.5052631578947369,,,-1.9999999999999991,72.57894736842105,,0.884,0.0
2026-05-13 19:00:00,Kolkata,22.5726,88.3639,29.5,77,0.0,0.0,1001.6,8.4,157,3,,,9.6,9.6,0.48,,,1.7000000000000002,72.8,,0.9055000000000001,0.0
2026-05-13 20:00:00,Kolkata,22.5726,88.3639,29.1,79,0.0,0.0,1002.3,11.5,160,5,,,9.6,9.6,0.45714285714285713,,,3.0999999999999996,73.0952380952381,,0.9575,0.0
2026-05-13 21:00:00,Kolkata,22.5726,88.3639,28.7,81,0.0,0.0,1003.1,13.0,162,11,,,9.6,9.6,0.43636363636363634,,,1.5,73.45454545454545,,0.9775,0.0
2026-05-13 22:00:00,Kolkata,22.5726,88.3639,28.3,83,0.0,0.0,1003.4,13.3,172,3,,,9.6,9.6,0.41739130434782606,,,0.3000000000000007,73.8695652173913,,0.9735,0.0
2026-05-13 23:00:00,Kolkata,22.5726,88.3639,27.1,87,0.0,0.0,1002.7,13.0,170,81,,,9.6,9.6,0.39999999999999997,,,-0.3000000000000007,74.41666666666667,,0.9375,0.0
2026-05-14 00:00:00,Kolkata,22.5726,88.3639,26.9,89,0.0,0.0,1001.9,14.4,188,58,,,9.6,9.6,0.39999999999999997,-0.6000000000000014,-2.3999999999999773,1.4000000000000004,74.70833333333333,,0.9605,0.0
2026-05-14 01:00:00,Kolkata,22.5726,88.3639,26.4,89,0.0,0.0,1001.8,13.7,198,84,,,9.6,9.6,0.39999999999999997,-0.8000000000000007,-2.0,-0.7000000000000011,74.95833333333333,,0.9339999999999999,0.0
2026-05-14 02:00:00,Kolkata,22.5726,88.3639,24.9,95,1.8,1.8,1002.4,6.1,267,100,,,11.4,11.4,0.47500000000000003,-2.200000000000003,-0.8000000000000682,-7.6,75.5,,0.9244999999999999,1.71
2026-05-14 03:00:00,Kolkata,22.5726,88.3639,25.4,96,1.0,1.0,1001.8,13.0,211,20,,,12.4,12.4,0.5166666666666667,-1.4000000000000021,-1.5,6.9,76.04166666666667,,0.995,0.96
2026-05-14 04:00:00,Kolkata,22.5726,88.3639,25.2,96,0.5,0.5,1001.5,8.6,181,18,,,12.9,12.9,0.5375,-1.4000000000000021,-2.0,-4.4,76.54166666666667,,0.852,0.48
2026-05-14 05:00:00,Kolkata,22.5726,88.3639,27.2,90,0.0,0.0,1001.4,6.5,148,0,,,12.9,12.9,0.5375,0.1999999999999993,-2.2000000000000455,-2.0999999999999996,76.70833333333333,,0.8099999999999999,0.0
2026-05-14 06:00:00,Kolkata,22.5726,88.3639,28.0,87,0.0,0.0,1002.2,7.1,195,24,,,12.9,12.9,0.5375,0.10000000000000142,-2.5,0.5999999999999996,76.83333333333333,,0.842,0.0
2026-05-14 07:00:00,Kolkata,22.5726,88.3639,29.5,80,0.0,0.0,1002.7,11.3,214,79,,,12.9,12.9,0.5375,0.5,-2.2999999999999545,4.200000000000001,76.875,,0.9635,0.0
2026-05-14 08:00:00,Kolkata,22.5726,88.3639,30.9,73,0.0,0.0,1003.0,11.6,227,67,,,12.9,12.9,0.5375,0.3999999999999986,-2.2000000000000455,0.29999999999999893,76.95833333333333,,1.0045,0.0
2026-05-14 09:00:00,Kolkata,22.5726,88.3639,32.0,67,0.0,0.0,1003.2,8.5,228,14,,,12.9,12.9,0.5375,0.1999999999999993,-1.8999999999999773,-3.0999999999999996,77.0,,0.9700000000000001,0.0
2026-05-14 10:00:00,Kolkata,22.5726,88.3639,33.2,62,0.0,0.0,1002.7,7.6,218,0,,,12.9,12.9,0.5375,0.5,-2.0,-0.9000000000000004,77.0,,0.9820000000000001,0.0
2026-05-14 11:00:00,Kolkata,22.5726,88.3639,33.9,52,0.0,0.0,1002.5,1.9,253,1,,,12.9,12.9,0.5375,2.5,-1.2000000000000455,-5.699999999999999,76.5,,0.8855,0.0
2026-05-14 12:00:00,Kolkata,22.5726,88.3639,35.0,49,0.0,0.0,1001.4,1.1,279,0,,,12.6,12.9,0.525,2.299999999999997,-1.3000000000000682,-0.7999999999999998,76.04166666666667,,0.897,0.0
2026-05-14 13:00:00,Kolkata,22.5726,88.3639,35.7,44,0.0,0.0,1000.2,2.5,240,46,,,12.3,12.9,0.5125000000000001,2.8000000000000043,-1.0,1.4,75.5,,0.9425000000000001,0.0
2026-05-14 14:00:00,Kolkata,22.5726,88.3639,35.9,42,0.0,0.0,999.6,5.5,251,13,,,11.700000000000001,12.9,0.48750000000000004,3.6999999999999957,-0.8999999999999773,3.0,74.75,,1.0075,0.0
2026-05-14 15:00:00,Kolkata,22.5726,88.3639,35.8,42,0.0,0.0,999.2,6.2,262,11,,,11.3,12.9,0.4708333333333334,3.5999999999999943,-0.39999999999997726,0.7000000000000002,73.95833333333333,,1.019,0.0
2026-05-14 16:00:00,Kolkata,22.5726,88.3639,34.5,45,0.0,0.0,999.1,11.6,213,33,,,10.4,12.9,0.43333333333333335,4.600000000000001,-0.5,5.3999999999999995,72.91666666666667,,1.0945,0.0
2026-05-14 17:00:00,Kolkata,22.5726,88.3639,32.4,62,0.2,0.2,999.7,15.2,191,13,,,3.5,13.1,0.14583333333333334,1.5999999999999979,-0.2999999999999545,3.5999999999999996,72.54166666666667,,1.134,0.124
2026-05-14 18:00:00,Kolkata,22.5726,88.3639,31.0,67,0.0,0.0,1000.4,13.6,188,13,,,3.5,13.1,0.14583333333333334,1.0,-0.10000000000002274,-1.5999999999999996,72.25,,1.0470000000000002,0.0
2026-05-14 19:00:00,Kolkata,22.5726,88.3639,30.1,73,0.0,0.0,1001.1,13.1,180,1,,,3.5,13.1,0.14583333333333334,0.6000000000000014,-0.5,-0.5,72.08333333333333,,1.0145,0.0
2026-05-14 20:00:00,Kolkata,22.5726,88.3639,29.3,76,0.0,0.0,1001.8,13.9,181,1,,,3.5,13.1,0.14583333333333334,0.1999999999999993,-0.5,0.8000000000000007,71.95833333333333,,1.0105,0.0
2026-05-14 21:00:00,Kolkata,22.5726,88.3639,28.8,79,0.0,0.0,1002.2,12.6,179,0,,,3.5,13.1,0.14583333333333334,0.10000000000000142,-0.8999999999999773,-1.3000000000000007,71.875,,0.972,0.0
2026-05-14 22:00:00,Kolkata,22.5726,88.3639,28.5,82,0.0,0.0,1002.3,11.7,180,1,,,3.5,13.1,0.14583333333333334,0.1999999999999993,-1.1000000000000227,-0.9000000000000004,71.83333333333333,,0.9465,0.0
2026-05-14 23:00:00,Kolkata,22.5726,88.3639,28.6,84,0.0,0.0,1001.7,11.5,188,30,,,3.5,13.1,0.14583333333333334,1.5,-1.0,-0.1999999999999993,71.70833333333333,,0.9450000000000001,0.0
2026-05-15 00:00:00,Kolkata,22.5726,88.3639,28.4,86,0.0,0.0,1000.9,12.1,184,28,,,3.5,13.1,0.14583333333333334,1.5,-1.0,0.5999999999999996,71.58333333333333,,0.952,0.0
2026-05-15 01:00:00,Kolkata,22.5726,88.3639,28.2,85,0.0,0.0,1000.5,12.3,183,34,,,3.5,13.1,0.14583333333333334,1.8000000000000007,-1.2999999999999545,0.20000000000000107,71.41666666666667,,0.951,0.0
2026-05-15 02:00:00,Kolkata,22.5726,88.3639,28.1,85,0.0,0.0,1000.6,10.9,189,55,,,1.7,13.1,0.07083333333333333,3.200000000000003,-1.7999999999999545,-1.4000000000000004,71.0,,0.9205,0.0
2026-05-15 03:00:00,Kolkata,22.5726,88.3639,28.0,86,0.0,0.0,1000.9,10.0,195,52,,,0.7,13.1,0.029166666666666664,2.6000000000000014,-0.8999999999999773,-0.9000000000000004,70.58333333333333,,0.8999999999999999,0.0
2026-05-15 04:00:00,Kolkata,22.5726,88.3639,27.9,86,0.0,0.0,1001.5,8.9,199,25,,,0.2,13.1,0.008333333333333333,2.6999999999999993,0.0,-1.0999999999999996,70.16666666666667,,0.8755000000000001,0.0
2026-05-15 05:00:00,Kolkata,22.5726,88.3639,28.5,85,0.0,0.0,1001.5,10.0,200,13,,,0.2,13.1,0.008333333333333333,1.3000000000000007,0.10000000000002274,1.0999999999999996,69.95833333333333,,0.9125000000000001,0.0
2026-05-15 06:00:00,Kolkata,22.5726,88.3639,29.3,81,0.0,0.0,1002.2,8.7,202,53,,,0.2,13.1,0.008333333333333333,1.3000000000000007,0.0,-1.3000000000000007,69.70833333333333,,0.9065000000000001,0.0
2026-05-15 07:00:00,Kolkata,22.5726,88.3639,30.5,75,0.0,0.0,1002.2,12.6,204,88,,,0.2,13.1,0.008333333333333333,1.0,-0.5,3.9000000000000004,69.5,,1.0145,0.0
2026-05-15 08:00:00,Kolkata,22.5726,88.3639,32.0,68,0.0,0.0,1002.7,12.8,202,79,,,0.2,13.1,0.008333333333333333,1.1000000000000014,-0.2999999999999545,0.20000000000000107,69.29166666666667,,1.056,0.0
2026-05-15 09:00:00,Kolkata,22.5726,88.3639,33.2,63,0.0,0.0,1002.9,12.4,206,6,,,0.2,13.1,0.008333333333333333,1.2000000000000028,-0.3000000000000682,-0.40000000000000036,69.125,,1.078,0.0
2026-05-15 10:00:00,Kolkata,22.5726,88.3639,34.5,57,0.0,0.0,1002.6,11.9,203,30,,,0.2,13.1,0.008333333333333333,1.2999999999999972,-0.10000000000002274,-0.5,68.91666666666667,,1.1005,0.0
2026-05-15 11:00:00,Kolkata,22.5726,88.3639,35.3,53,0.0,0.0,1002.1,12.0,202,48,,,0.2,13.1,0.008333333333333333,1.3999999999999986,-0.39999999999997726,0.09999999999999964,68.95833333333333,,1.1225,0.0
2026-05-15 12:00:00,Kolkata,22.5726,88.3639,35.5,53,0.1,0.1,1001.5,11.4,199,95,,,0.30000000000000004,13.2,0.012500000000000002,0.5,0.10000000000002274,-0.5999999999999996,69.125,,1.1255,0.053000000000000005
2026-05-15 13:00:00,Kolkata,22.5726,88.3639,35.6,54,0.0,0.0,1000.0,12.2,193,52,,,0.30000000000000004,13.2,0.012500000000000002,-0.10000000000000142,-0.20000000000004547,0.7999999999999989,69.54166666666667,,1.134,0.0
2026-05-15 14:00:00,Kolkata,22.5726,88.3639,35.2,56,0.0,0.0,999.4,13.3,189,14,,,0.30000000000000004,13.2,0.012500000000000002,-0.6999999999999957,-0.20000000000004547,1.1000000000000014,70.125,,1.1460000000000001,0.0
2026-05-15 15:00:00,Kolkata,22.5726,88.3639,34.3,58,0.0,0.0,998.5,13.6,187,2,,,0.30000000000000004,13.2,0.012500000000000002,-1.5,-0.7000000000000455,0.29999999999999893,70.79166666666667,,1.1295,0.0
2026-05-15 16:00:00,Kolkata,22.5726,88.3639,33.6,60,0.0,0.0,998.4,12.5,200,22,,,0.30000000000000004,13.2,0.012500000000000002,-0.8999999999999986,-0.7000000000000455,-1.0999999999999996,71.41666666666667,,1.09,0.0
2026-05-15 17:00:00,Kolkata,22.5726,88.3639,32.2,70,0.0,0.0,999.4,5.4,184,60,,,0.1,13.2,0.004166666666666667,-0.19999999999999574,-0.3000000000000682,-7.1,71.75,,0.913,0.0
2026-05-15 18:00:00,Kolkata,22.5726,88.3639,30.5,79,0.3,0.3,1000.4,4.2,160,89,,,0.4,13.5,0.016666666666666666,-0.5,0.0,-1.2000000000000002,72.25,,0.8765,0.237
2026-05-15 19:00:00,Kolkata,22.5726,88.3639,30.1,84,0.5,0.5,1001.1,5.4,180,65,,,0.8999999999999999,14.0,0.0375,0.0,0.0,1.2000000000000002,72.70833333333333,,0.9105000000000001,0.42
2026-05-15 20:00:00,Kolkata,22.5726,88.3639,29.4,86,0.1,0.1,1001.3,12.8,171,83,,,1.0,14.1,0.041666666666666664,0.09999999999999787,-0.5,7.4,73.125,,1.001,0.086
2026-05-15 21:00:00,Kolkata,22.5726,88.3639,28.8,87,0.0,0.0,1001.7,14.1,174,100,,,1.0,14.1,0.041666666666666664,0.0,-0.5,1.299999999999999,73.45833333333333,,1.002,0.0
2026-05-15 22:00:00,Kolkata,22.5726,88.3639,28.6,87,0.0,0.0,1002.0,12.6,180,98,,,1.0,14.1,0.041666666666666664,0.10000000000000142,-0.2999999999999545,-1.5,73.66666666666667,,0.9670000000000001,0.0
2026-05-15 23:00:00,Kolkata,22.5726,88.3639,28.0,89,0.0,0.0,1001.6,12.5,186,41,,,1.0,14.1,0.041666666666666664,-0.6000000000000014,-0.10000000000002274,-0.09999999999999964,73.875,,0.95,0.0
2026-05-13 00:00:00,Mumbai,19.076,72.8777,29.6,83,0.0,0.0,1003.6,5.2,299,98,,,0.0,0.0,0.0,,,,83.0,,0.844,0.0
2026-05-13 01:00:00,Mumbai,19.076,72.8777,29.6,83,0.0,0.0,1003.3,1.9,319,88,,,0.0,0.0,0.0,,,-3.3000000000000003,83.0,,0.778,0.0
2026-05-13 02:00:00,Mumbai,19.076,72.8777,29.6,82,0.0,0.0,1003.3,1.9,209,100,,,0.0,0.0,0.0,,,0.0,82.66666666666667,,0.778,0.0
2026-05-13 03:00:00,Mumbai,19.076,72.8777,29.5,83,0.0,0.0,1003.4,4.0,210,84,,,0.0,0.0,0.0,,,2.1,82.75,,0.8175,0.0
2026-05-13 04:00:00,Mumbai,19.076,72.8777,29.5,82,0.0,0.0,1004.0,7.2,202,58,,,0.0,0.0,0.0,,,3.2,82.6,,0.8815000000000001,0.0
2026-05-13 05:00:00,Mumbai,19.076,72.8777,29.6,78,0.0,0.0,1004.1,7.0,192,88,,,0.0,0.0,0.0,,,-0.20000000000000018,81.83333333333333,,0.88,0.0
2026-05-13 06:00:00,Mumbai,19.076,72.8777,29.5,77,0.0,0.0,1004.5,8.4,189,83,,,0.0,0.0,0.0,,,1.4000000000000004,81.14285714285714,,0.9055000000000001,0.0
2026-05-13 07:00:00,Mumbai,19.076,72.8777,30.2,74,0.0,0.0,1005.3,8.1,204,100,,,0.0,0.0,0.0,,,-0.3000000000000007,80.25,,0.917,0.0
2026-05-13 08:00:00,Mumbai,19.076,72.8777,31.0,70,0.0,0.0,1005.8,8.9,205,100,,,0.0,0.0,0.0,,,0.8000000000000007,79.11111111111111,,0.9530000000000001,0.0
2026-05-13 09:00:00,Mumbai,19.076,72.8777,31.4,68,0.0,0.0,1006.4,9.8,218,94,,,0.0,0.0,0.0,,,0.9000000000000004,78.0,,0.9809999999999999,0.0
2026-05-13 10:00:00,Mumbai,19.076,72.8777,32.6,63,0.0,0.0,1006.5,11.1,227,98,,,0.0,0.0,0.0,,,1.299999999999999,76.63636363636364,,1.0370000000000001,0.0
2026-05-13 11:00:00,Mumbai,19.076,72.8777,32.2,65,0.0,0.0,1005.9,11.1,226,100,,,0.0,0.0,0.0,,,0.0,75.66666666666667,,1.0270000000000001,0.0
2026-05-13 12:00:00,Mumbai,19.076,72.8777,32.3,65,0.0,0.0,1005.2,12.2,236,96,,,0.0,0.0,0.0,,,1.0999999999999996,74.84615384615384,,1.0514999999999999,0.0
2026-05-13 13:00:00,Mumbai,19.076,72.8777,33.2,63,0.0,0.0,1004.1,13.9,251,89,,,0.0,0.0,0.0,,,1.700000000000001,74.0,,1.108,0.0
2026-05-13 14:00:00,Mumbai,19.076,72.8777,32.5,66,0.0,0.0,1003.8,11.2,267,92,,,0.0,0.0,0.0,,,-2.700000000000001,73.46666666666667,,1.0365,0.0
2026-05-13 15:00:00,Mumbai,19.076,72.8777,32.1,67,0.0,0.0,1003.4,12.2,271,9,,,0.0,0.0,0.0,,,1.0,73.0625,,1.0465,0.0
2026-05-13 16:00:00,Mumbai,19.076,72.8777,32.1,68,0.0,0.0,1002.9,15.0,276,9,,,0.0,0.0,0.0,,,2.8000000000000007,72.76470588235294,,1.1025,0.0
2026-05-13 17:00:00,Mumbai,19.076,72.8777,31.6,71,0.0,0.0,1002.1,14.1,275,4,,,0.0,0.0,0.0,,,-0.9000000000000004,72.66666666666667,,1.072,0.0
2026-05-13 18:00:00,Mumbai,19.076,72.8777,30.6,73,0.0,0.0,1002.2,12.7,276,0,,,0.0,0.0,0.0,,,-1.4000000000000004,72.6842105263158,,1.0190000000000001,0.0
2026-05-13 19:00:00,Mumbai,19.076,72.8777,29.9,79,0.0,0.0,1002.7,10.8,272,5,,,0.0,0.0,0.0,,,-1.8999999999999986,73.0,,0.9635,0.0
2026-05-13 20:00:00,Mumbai,19.076,72.8777,29.9,79,0.0,0.0,1003.8,9.3,262,26,,,0.0,0.0,0.0,,,-1.5,73.28571428571429,,0.9335,0.0
2026-05-13 21:00:00,Mumbai,19.076,72.8777,30.0,77,0.0,0.0,1004.7,9.0,250,41,,,0.0,0.0,0.0,,,-0.3000000000000007,73.45454545454545,,0.9299999999999999,0.0
2026-05-13 22:00:00,Mumbai,19.076,72.8777,30.0,76,0.0,0.0,1005.2,8.5,252,41,,,0.0,0.0,0.0,,,-0.5,73.56521739130434,,0.92,0.0
2026-05-13 23:00:00,Mumbai,19.076,72.8777,29.6,75,0.0,0.0,1005.2,8.5,222,100,,,0.0,0.0,0.0,,,0.0,73.625,,0.91,0.0
2026-05-14 00:00:00,Mumbai,19.076,72.8777,29.5,75,0.0,0.0,1004.7,8.9,225,100,,,0.0,0.0,0.0,-0.10000000000000142,1.1000000000000227,0.40000000000000036,73.29166666666667,,0.9155000000000001,0.0
2026-05-14 01:00:00,Mumbai,19.076,72.8777,29.5,76,0.0,0.0,1003.8,7.3,224,95,,,0.0,0.0,0.0,-0.10000000000000142,0.5,-1.6000000000000005,73.0,,0.8835000000000001,0.0
2026-05-14 02:00:00,Mumbai,19.076,72.8777,29.4,77,0.0,0.0,1003.3,5.5,234,86,,,0.0,0.0,0.0,-0.20000000000000284,0.0,-1.7999999999999998,72.79166666666667,,0.845,0.0
2026-05-14 03:00:00,Mumbai,19.076,72.8777,29.4,76,0.0,0.0,1003.0,4.1,236,84,,,0.0,0.0,0.0,-0.10000000000000142,-0.39999999999997726,-1.4000000000000004,72.5,,0.817,0.0
2026-05-14 04:00:00,Mumbai,19.076,72.8777,29.4,76,0.0,0.0,1003.0,3.4,252,84,,,0.0,0.0,0.0,-0.10000000000000142,-1.0,-0.6999999999999997,72.25,,0.8029999999999999,0.0
2026-05-14 05:00:00,Mumbai,19.076,72.8777,29.1,79,0.0,0.0,1003.3,1.2,153,95,,,0.0,0.0,0.0,-0.5,-0.8000000000000682,-2.2,72.29166666666667,,0.7515000000000001,0.0
2026-05-14 06:00:00,Mumbai,19.076,72.8777,29.2,78,0.0,0.0,1003.9,2.4,144,90,,,0.0,0.0,0.0,-0.3000000000000007,-0.6000000000000227,1.2,72.33333333333333,,0.778,0.0
2026-05-14 07:00:00,Mumbai,19.076,72.8777,29.9,76,0.0,0.0,1004.5,1.8,191,80,,,0.0,0.0,0.0,-0.3000000000000007,-0.7999999999999545,-0.5999999999999999,72.41666666666667,,0.7835,0.0
2026-05-14 08:00:00,Mumbai,19.076,72.8777,31.3,69,0.0,0.0,1004.9,2.9,248,95,,,0.0,0.0,0.0,0.3000000000000007,-0.8999999999999773,1.0999999999999999,72.375,,0.8405,0.0
2026-05-14 09:00:00,Mumbai,19.076,72.8777,32.5,63,0.0,0.0,1005.3,5.4,266,68,,,0.0,0.0,0.0,1.1000000000000014,-1.1000000000000227,2.5000000000000004,72.16666666666667,,0.9205,0.0
2026-05-14 10:00:00,Mumbai,19.076,72.8777,33.1,61,0.0,0.0,1005.4,8.3,275,55,,,0.0,0.0,0.0,0.5,-1.1000000000000227,2.9000000000000004,72.08333333333333,,0.9935,0.0
2026-05-14 11:00:00,Mumbai,19.076,72.8777,33.2,63,0.0,0.0,1005.1,11.2,274,35,,,0.0,0.0,0.0,1.0,-0.7999999999999545,2.8999999999999986,72.0,,1.054,0.0
2026-05-14 12:00:00,Mumbai,19.076,72.8777,33.3,62,0.0,0.0,1004.4,13.8,287,48,,,0.0,0.0,0.0,1.0,-0.8000000000000682,2.6000000000000014,71.875,,1.1084999999999998,0.0
2026-05-14 13:00:00,Mumbai,19.076,72.8777,33.5,58,0.0,0.0,1003.8,15.6,291,67,,,0.0,0.0,0.0,0.29999999999999716,-0.3000000000000682,1.799999999999999,71.66666666666667,,1.1495,0.0
2026-05-14 14:00:00,Mumbai,19.076,72.8777,33.3,59,0.0,0.0,1003.1,16.6,292,86,,,0.0,0.0,0.0,0.7999999999999972,-0.6999999999999318,1.0000000000000018,71.375,,1.1644999999999999,0.0
2026-05-14 15:00:00,Mumbai,19.076,72.8777,32.9,61,0.0,0.0,1002.5,16.9,294,97,,,0.0,0.0,0.0,0.7999999999999972,-0.8999999999999773,0.29999999999999716,71.125,,1.1604999999999999,0.0
2026-05-14 16:00:00,Mumbai,19.076,72.8777,32.2,63,0.0,0.0,1002.0,16.7,295,84,,,0.0,0.0,0.0,0.10000000000000142,-0.8999999999999773,-0.1999999999999993,70.91666666666667,,1.139,0.0
2026-05-14 17:00:00,Mumbai,19.076,72.8777,31.8,64,0.0,0.0,1002.3,16.1,294,90,,,0.0,0.0,0.0,0.1999999999999993,0.1999999999999318,-0.5999999999999979,70.625,,1.117,0.0
2026-05-14 18:00:00,Mumbai,19.076,72.8777,30.9,68,0.0,0.0,1002.6,15.1,293,58,,,0.0,0.0,0.0,0.29999999999999716,0.39999999999997726,-1.0000000000000018,70.41666666666667,,1.0745,0.0
2026-05-14 19:00:00,Mumbai,19.076,72.8777,30.2,74,0.0,0.0,1003.1,13.6,294,5,,,0.0,0.0,0.0,0.3000000000000007,0.39999999999997726,-1.5,70.20833333333333,,1.0270000000000001,0.0
2026-05-14 20:00:00,Mumbai,19.076,72.8777,30.0,76,0.0,0.0,1003.7,12.0,294,6,,,0.0,0.0,0.0,0.10000000000000142,-0.09999999999990905,-1.5999999999999996,70.08333333333333,,0.99,0.0
2026-05-14 21:00:00,Mumbai,19.076,72.8777,29.8,78,0.0,0.0,1004.4,9.8,288,95,,,0.0,0.0,0.0,-0.1999999999999993,-0.3000000000000682,-2.1999999999999993,70.125,,0.9410000000000001,0.0
2026-05-14 22:00:00,Mumbai,19.076,72.8777,29.8,78,0.0,0.0,1005.1,8.8,285,88,,,0.0,0.0,0.0,-0.1999999999999993,-0.10000000000002274,-1.0,70.20833333333333,,0.921,0.0
2026-05-14 23:00:00,Mumbai,19.076,72.8777,29.6,76,0.0,0.0,1004.8,8.5,294,86,,,0.0,0.0,0.0,0.0,-0.40000000000009095,-0.3000000000000007,70.25,,0.91,0.0
2026-05-15 00:00:00,Mumbai,19.076,72.8777,29.5,77,0.0,0.0,1004.3,8.2,306,76,,,0.0,0.0,0.0,0.0,-0.40000000000009095,-0.3000000000000007,70.33333333333333,,0.9015,0.0
2026-05-15 01:00:00,Mumbai,19.076,72.8777,29.3,79,0.0,0.0,1003.8,6.8,302,60,,,0.0,0.0,0.0,-0.1999999999999993,0.0,-1.3999999999999995,70.45833333333333,,0.8685,0.0
2026-05-15 02:00:00,Mumbai,19.076,72.8777,29.2,80,0.0,0.0,1003.4,7.0,302,41,,,0.0,0.0,0.0,-0.1999999999999993,0.10000000000002274,0.20000000000000018,70.58333333333333,,0.87,0.0
2026-05-15 03:00:00,Mumbai,19.076,72.8777,29.1,80,0.0,0.0,1003.5,8.5,312,67,,,0.0,0.0,0.0,-0.29999999999999716,0.5,1.5,70.75,,0.8975000000000001,0.0
2026-05-15 04:00:00,Mumbai,19.076,72.8777,29.1,80,0.0,0.0,1003.8,8.8,321,92,,,0.0,0.0,0.0,-0.29999999999999716,0.7999999999999545,0.3000000000000007,70.91666666666667,,0.9035000000000001,0.0
2026-05-15 05:00:00,Mumbai,19.076,72.8777,29.2,79,0.0,0.0,1004.2,8.0,322,37,,,0.0,0.0,0.0,0.09999999999999787,0.900000000000091,-0.8000000000000007,70.91666666666667,,0.89,0.0
2026-05-15 06:00:00,Mumbai,19.076,72.8777,29.1,80,0.0,0.0,1005.1,7.1,322,34,,,0.0,0.0,0.0,-0.09999999999999787,1.2000000000000455,-0.9000000000000004,71.0,,0.8695,0.0
2026-05-15 07:00:00,Mumbai,19.076,72.8777,30.0,75,0.0,0.0,1005.9,8.2,322,59,,,0.0,0.0,0.0,0.10000000000000142,1.3999999999999773,1.0999999999999996,70.95833333333333,,0.9139999999999999,0.0
2026-05-15 08:00:00,Mumbai,19.076,72.8777,30.9,70,0.0,0.0,1006.4,9.6,319,56,,,0.0,0.0,0.0,-0.40000000000000213,1.5,1.4000000000000004,71.0,,0.9644999999999999,0.0
2026-05-15 09:00:00,Mumbai,19.076,72.8777,31.5,67,0.0,0.0,1007.0,9.2,309,53,,,0.0,0.0,0.0,-1.0,1.7000000000000455,-0.40000000000000036,71.16666666666667,,0.9715,0.0
2026-05-15 10:00:00,Mumbai,19.076,72.8777,32.2,64,0.0,0.0,1007.5,9.5,285,74,,,0.0,0.0,0.0,-0.8999999999999986,2.1000000000000227,0.3000000000000007,71.29166666666667,,0.9950000000000001,0.0
2026-05-15 11:00:00,Mumbai,19.076,72.8777,32.1,64,0.0,0.0,1007.5,12.2,279,91,,,0.0,0.0,0.0,-1.1000000000000014,2.3999999999999773,2.6999999999999993,71.33333333333333,,1.0465,0.0
2026-05-15 12:00:00,Mumbai,19.076,72.8777,32.7,60,0.0,0.0,1006.9,12.7,281,76,,,0.0,0.0,0.0,-0.5999999999999943,2.5,0.5,71.25,,1.0715000000000001,0.0
2026-05-15 13:00:00,Mumbai,19.076,72.8777,33.0,59,0.0,0.0,1005.7,14.1,280,88,,,0.0,0.0,0.0,-0.5,1.900000000000091,1.4000000000000004,71.29166666666667,,1.107,0.0
2026-05-15 14:00:00,Mumbai,19.076,72.8777,32.7,62,0.0,0.0,1004.9,15.0,281,91,,,0.0,0.0,0.0,-0.5999999999999943,1.7999999999999545,0.9000000000000004,71.41666666666667,,1.1175000000000002,0.0
2026-05-15 15:00:00,Mumbai,19.076,72.8777,32.4,63,0.0,0.0,1004.3,14.3,284,51,,,0.0,0.0,0.0,-0.5,1.7999999999999545,-0.6999999999999993,71.5,,1.096,0.0
2026-05-15 16:00:00,Mumbai,19.076,72.8777,32.0,64,0.0,0.0,1003.8,13.2,287,45,,,0.0,0.0,0.0,-0.20000000000000284,1.7999999999999545,-1.1000000000000014,71.54166666666667,,1.064,0.0
2026-05-15 17:00:00,Mumbai,19.076,72.8777,31.5,66,0.0,0.0,1003.9,12.3,281,2,,,0.0,0.0,0.0,-0.3000000000000007,1.6000000000000227,-0.8999999999999986,71.625,,1.0335,0.0
2026-05-15 18:00:00,Mumbai,19.076,72.8777,30.6,71,0.0,0.0,1004.2,11.9,285,0,,,0.0,0.0,0.0,-0.29999999999999716,1.6000000000000227,-0.40000000000000036,71.75,,1.0030000000000001,0.0
2026-05-15 19:00:00,Mumbai,19.076,72.8777,30.0,74,0.0,0.0,1004.3,11.4,286,1,,,0.0,0.0,0.0,-0.1999999999999993,1.1999999999999318,-0.5,71.75,,0.978,0.0
2026-05-15 20:00:00,Mumbai,19.076,72.8777,29.8,75,0.0,0.0,1005.0,11.9,290,5,,,0.0,0.0,0.0,-0.1999999999999993,1.2999999999999545,0.5,71.70833333333333,,0.983,0.0
2026-05-15 21:00:00,Mumbai,19.076,72.8777,29.6,77,0.0,0.0,1005.5,12.2,299,21,,,0.0,0.0,0.0,-0.1999999999999993,1.1000000000000227,0.29999999999999893,71.66666666666667,,0.984,0.0
2026-05-15 22:00:00,Mumbai,19.076,72.8777,29.5,77,0.0,0.0,1005.8,12.0,305,23,,,0.0,0.0,0.0,-0.3000000000000007,0.6999999999999318,-0.1999999999999993,71.625,,0.9775,0.0
2026-05-15 23:00:00,Mumbai,19.076,72.8777,29.0,77,0.0,0.0,1005.3,10.3,319,21,,,0.0,0.0,0.0,-0.6000000000000014,0.5,-1.6999999999999993,71.66666666666667,,0.931,0.0
